date,position,bucket,quantity,all_in_cost_usd,marked_value_usd,weight_pct,return_pct,acquired,price_source
2026-10-03,"The Lord of the Rings: Tales of Middle-earth Special Edition Collector Booster Box","LOTR: Tales of Middle-earth",1,2591.93,7084.04,42.38,173.31,2025-09-29,observed market price
2026-10-03,"The Hobbit Collector Booster Display","The Hobbit",1,839.85,713.68,4.27,-15.02,2026-07-18,observed market price
2026-10-03,"The Hobbit Collector Booster Box","The Hobbit",1,795.00,713.68,4.27,-10.23,2026-08-13,observed market price
2026-10-03,"Fallen Empires Booster Box (sealed)","Vintage / Legacy sealed",1,534.99,568.92,3.40,6.34,2026-08-08,observed market price
2026-10-03,"Antiquities Booster Pack","Vintage / Legacy sealed",1,535.00,557.50,3.34,4.21,2026-05-13,observed market price
2026-10-03,"Reality Fracture Collector Booster Box","Reality Fracture",1,641.95,468.84,2.80,-26.97,2026-09-07,observed market price
2026-10-03,"Urza's Saga Tournament Pack","Vintage / Legacy sealed",1,481.48,466.71,2.79,-3.07,2026-05-13,observed market price
2026-10-03,"Marvel Super Heroes Collector Booster Box","Marvel Super Heroes",1,534.95,460.88,2.76,-13.85,2026-06-06,observed market price
2026-10-03,"Marvel Super Heroes Collector Booster Display","Marvel Super Heroes",1,502.33,460.88,2.76,-8.25,2026-06-03,observed market price
2026-10-03,"Revised Edition Booster Pack","Vintage / Legacy sealed",1,300.66,342.76,2.05,14.00,2026-05-13,observed market price
2026-10-03,"The Hobbit Play Booster Box","The Hobbit",2,374.50,316.26,1.89,-15.55,2026-09-07,observed market price
2026-10-03,"LOTR Tales of Middle-earth Set Booster Box","LOTR: Tales of Middle-earth",1,337.10,301.88,1.81,-10.45,2026-05-16,observed market price
2026-10-03,"World of Warcraft: Forever Collector's Edition","Other collectibles",1,190.46,281.09,1.68,47.58,2026-09-15,observed market price
2026-10-03,"Urza's Saga Booster Pack","Vintage / Legacy sealed",1,288.89,259.71,1.55,-10.10,2026-05-13,observed market price
2026-10-03,"The Hobbit Sleeved Set Booster Pack","The Hobbit",28,239.40,239.40,1.43,0.00,2026-08-23,carried at cost
2026-10-03,"Ice Age Starter Deck (1995)","Vintage / Legacy sealed",1,207.58,192.58,1.15,-7.23,2026-08-08,observed market price
2026-10-03,"The Hobbit Play Booster Box","The Hobbit",1,207.05,158.13,0.95,-23.63,2026-08-18,observed market price
2026-10-03,"The Hobbit Play Booster Box","The Hobbit",1,206.26,158.13,0.95,-23.33,2026-08-24,observed market price
2026-10-03,"The Hobbit Play Booster Box","The Hobbit",1,203.29,158.13,0.95,-22.21,2026-05-18,observed market price
2026-10-03,"The Hobbit Play Booster Box","The Hobbit",1,197.94,158.13,0.95,-20.11,2026-05-13,observed market price
2026-10-03,"Classic Sixth Edition 2-Player Starter Deck","Vintage / Legacy sealed",1,69.54,145.01,0.87,108.53,2026-08-03,observed market price
2026-10-03,"Pokemon TCG: 30th Celebration Booster Bundle","Pokemon",1,144.97,144.97,0.87,0.00,2026-09-08,carried at cost
2026-10-03,"Secret Lair x MSCHF - The Zeta Set Booster Pack","Secret Lair x MSCHF",1,119.13,144.88,0.87,21.62,2026-09-02,observed market price
2026-10-03,"Secret Lair x MSCHF - The Zeta Set Booster Pack","Secret Lair x MSCHF",1,117.10,144.88,0.87,23.72,2026-09-02,observed market price
2026-10-03,"Secret Lair x MSCHF - The Zeta Set Booster Pack","Secret Lair x MSCHF",1,89.88,144.88,0.87,61.19,2026-09-02,observed market price
2026-10-03,"Secret Lair x MSCHF - The Zeta Set Booster Pack","Secret Lair x MSCHF",1,87.28,144.88,0.87,65.99,2026-09-02,observed market price
2026-10-03,"Reality Fracture Play Booster Box","Reality Fracture",1,149.79,136.55,0.82,-8.84,2026-09-08,observed market price
2026-10-03,"Urza's Legacy Booster Pack","Vintage / Legacy sealed",1,147.93,135.74,0.81,-8.24,2026-05-13,observed market price
2026-10-03,"Legions Theme Deck - Zombies Unleashed","Vintage / Legacy sealed",1,107.00,134.99,0.81,26.16,2026-05-21,observed market price
2026-10-03,"Fifth Edition Starter Deck","Vintage / Legacy sealed",1,141.23,131.79,0.79,-6.68,2026-08-01,observed market price
2026-10-03,"Marvel Super Heroes Play Booster Box","Marvel Super Heroes",1,127.28,111.66,0.67,-12.27,2026-05-30,observed market price
2026-10-03,"Marvel Super Heroes Jumpstart Booster Box","Marvel Super Heroes",1,122.99,99.79,0.60,-18.86,2026-06-08,observed market price
2026-10-03,"Mirrodin Tournament Pack","Vintage / Legacy sealed",1,113.42,98.98,0.59,-12.73,2026-05-21,observed market price
2026-10-03,"Marvel's Spider-Man Bundle: Gift Edition","Marvel's Spider-Man",1,78.10,95.51,0.57,22.29,2026-02-16,observed market price
2026-10-03,"LOTR Starter Kit","LOTR: Tales of Middle-earth",1,21.39,86.26,0.52,303.27,2024-11-01,observed market price
2026-10-03,"LOTR Commander Deck 2 + Collector Booster Sample Pack","LOTR: Tales of Middle-earth",1,78.38,78.38,0.47,0.00,2026-03-23,carried at cost
2026-10-03,"The Hobbit Scene Box - Treasures of Smaug","The Hobbit",1,44.93,69.27,0.41,54.17,2026-05-01,observed market price
2026-10-03,"The Hobbit Bundle","The Hobbit",1,74.89,65.23,0.39,-12.90,2026-05-01,observed market price
2026-10-03,"Urza's Saga Theme Deck - Sleeper","Vintage / Legacy sealed",1,64.18,63.78,0.38,-0.62,2026-08-01,observed market price
2026-10-03,"Portal Starter Set Demo / Sealed Pack","Vintage / Legacy sealed",1,63.56,63.56,0.38,0.00,2026-05-11,carried at cost
2026-10-03,"Darksteel Theme Deck - Transference","Vintage / Legacy sealed",1,66.06,62.03,0.37,-6.10,2026-05-21,observed market price
2026-10-03,"LOTR Scene Box - Gandalf in Pelennor Fields","LOTR: Tales of Middle-earth",1,23.99,55.37,0.33,130.80,2024-11-28,observed market price
2026-10-03,"The Lord of the Rings: Tales of Middle-earth Sleeved Set Booster Pack","LOTR: Tales of Middle-earth",6,51.30,51.30,0.31,0.00,2024-06-06,carried at cost
2026-10-03,"The Hobbit Scene Box - Crack the Plates","The Hobbit",1,44.93,49.79,0.30,10.82,2026-05-01,observed market price
2026-10-03,"Fourth Edition Booster Pack","Vintage / Legacy sealed",1,41.58,41.58,0.25,0.00,2026-05-06,carried at cost
2026-10-03,"Fifth Edition Booster Pack","Vintage / Legacy sealed",1,46.74,41.29,0.25,-11.66,2026-05-06,observed market price
2026-10-03,"Fallen Empires Booster Pack","Vintage / Legacy sealed",3,38.37,35.55,0.21,-7.35,2025-11-25,observed market price
2026-10-03,"Chronicles Booster Pack","Vintage / Legacy sealed",1,26.74,26.74,0.16,0.00,2026-05-11,carried at cost
2026-10-03,"LOTR Collector Booster Sample Pack","LOTR: Tales of Middle-earth",2,26.41,26.41,0.16,0.00,2025-11-25,carried at cost
2026-10-03,"Fallen Empires Booster Pack","Vintage / Legacy sealed",1,19.25,11.85,0.07,-38.44,2026-05-11,observed market price
2026-10-03,"LOTR Collector Booster Sample Pack","LOTR: Tales of Middle-earth",1,11.72,11.72,0.07,0.00,2025-11-25,carried at cost
